name,yearID,G,AB,R,H,X2B,X3B,HR,RBI,SB,CS,BB,SO,IBB,HBP,SH,SF,GIDP,PA,X1B,AVG,OBP,SLG,OPS,IS0,X2B_PCT,X3B_PCT,HR_PCT,HR_H,RBI_PCT,RBI_H,R_PA,R_OB,SO_BB,SO_PCT,SB_PCT,SB_FREQ,SH_PCT,SF_PCT,GIDP_PCT,clust_dist
Cluster  1,,,,,,,,,,,,,,,,,,,,,,,,,,,,,,,,,,,,,,,,,
Ben Zobrist,2013,157,612,77,168,36,3,12,71,11,3,72,91,4,7,1,6,18,716,117,0.275,0.354,0.402,0.756,0.127,0.050,0.004,0.017,0.071,0.099,0.423,0.108,0.312,1.264,0.127,0.786,0.045,0.001,0.008,0.025,1.221487324
Jerry Royster,1985,90,249,31,70,13,2,5,31,6,5,32,31,1,1,3,2,6,293,50,0.281,0.363,0.410,0.772,0.129,0.044,0.007,0.017,0.071,0.106,0.443,0.106,0.301,0.969,0.106,0.545,0.058,0.010,0.007,0.020,1.282224286
Ken Caminiti,1992,135,506,68,149,31,2,13,62,10,4,44,68,13,1,2,4,14,571,103,0.294,0.350,0.441,0.790,0.146,0.054,0.004,0.023,0.087,0.109,0.416,0.119,0.351,1.545,0.119,0.714,0.052,0.004,0.007,0.025,1.331276921
John Roseboro,1966,142,445,47,123,23,2,9,53,3,2,44,51,13,3,4,4,11,511,89,0.276,0.343,0.398,0.740,0.121,0.045,0.004,0.018,0.073,0.104,0.431,0.092,0.276,1.159,0.100,0.600,0.018,0.008,0.008,0.022,1.380128399
John Lowenstein,1973,98,305,42,89,16,1,6,40,5,3,23,41,0,0,3,3,9,343,66,0.292,0.338,0.410,0.748,0.118,0.047,0.003,0.017,0.067,0.117,0.449,0.122,0.375,1.783,0.120,0.625,0.045,0.009,0.009,0.026,1.41154423
Andrelton Simmons,2018,146,554,68,162,26,5,11,75,10,2,35,44,2,5,1,5,17,617,120,0.292,0.337,0.417,0.754,0.125,0.042,0.008,0.018,0.068,0.122,0.463,0.110,0.337,1.257,0.071,0.833,0.050,0.002,0.008,0.028,1.686223849
Nick Markakis,2018,162,623,78,185,43,2,14,93,1,1,72,80,10,1,0,9,18,723,126,0.297,0.366,0.440,0.806,0.143,0.059,0.003,0.019,0.076,0.129,0.503,0.108,0.302,1.111,0.111,0.500,0.004,0.000,0.012,0.025,1.798563713
Buster Posey,2018,105,398,47,113,22,1,5,41,3,2,45,53,3,3,0,2,12,460,85,0.284,0.359,0.382,0.741,0.098,0.048,0.002,0.011,0.044,0.089,0.363,0.102,0.292,1.178,0.115,0.600,0.019,0.000,0.004,0.026,1.899241141
Ben Zobrist,2018,139,455,67,139,28,3,9,58,3,4,55,60,1,2,1,7,8,528,99,0.305,0.378,0.440,0.817,0.134,0.053,0.006,0.017,0.065,0.110,0.417,0.127,0.342,1.091,0.114,0.429,0.015,0.002,0.013,0.015,2.007266745
Brock Holt,2018,109,321,41,89,18,2,7,46,7,7,37,73,2,7,0,2,7,374,62,0.277,0.362,0.411,0.774,0.134,0.048,0.005,0.019,0.079,0.123,0.517,0.110,0.308,1.973,0.195,0.500,0.053,0.000,0.005,0.019,2.143503973
Cluster  2,,,,,,,,,,,,,,,,,,,,,,,,,,,,,,,,,,,,,,,,,
Bob Melvin,1986,89,268,24,60,14,2,5,25,3,2,15,69,1,0,3,3,7,296,39,0.224,0.262,0.347,0.609,0.123,0.047,0.007,0.017,0.083,0.084,0.417,0.081,0.320,4.600,0.233,0.600,0.040,0.010,0.010,0.024,1.728006094
Brennan Boesch,2012,132,470,52,113,22,2,12,54,6,3,26,104,1,5,0,2,11,514,77,0.240,0.286,0.372,0.659,0.132,0.043,0.004,0.023,0.106,0.105,0.478,0.101,0.361,4.000,0.202,0.667,0.042,0.000,0.004,0.021,1.787191995
Pedro Feliz,2001,94,220,23,50,9,1,7,22,2,1,10,50,2,2,3,3,5,243,33,0.227,0.264,0.373,0.637,0.145,0.037,0.004,0.029,0.140,0.091,0.440,0.095,0.371,5.000,0.206,0.667,0.032,0.012,0.012,0.021,1.910295321
Pete Mackanin,1976,114,380,36,85,15,2,8,33,6,2,15,66,1,2,3,1,10,411,60,0.224,0.256,0.337,0.593,0.113,0.036,0.005,0.019,0.094,0.080,0.388,0.088,0.353,4.400,0.161,0.750,0.059,0.007,0.002,0.024,1.935500824
Jose Castillo,2004,129,383,44,98,15,2,8,39,3,2,23,92,5,1,5,2,12,426,73,0.256,0.298,0.368,0.666,0.112,0.035,0.005,0.019,0.082,0.092,0.398,0.103,0.361,4.000,0.216,0.600,0.025,0.012,0.005,0.028,1.95998491
Martin Maldonado,2018,119,373,39,84,18,1,9,44,0,1,16,98,0,11,2,2,8,412,56,0.225,0.276,0.351,0.627,0.126,0.044,0.002,0.022,0.107,0.107,0.524,0.095,0.351,6.125,0.238,0.000,0.000,0.005,0.005,0.019,2.361830036
Tim Beckham,2018,96,369,45,85,17,0,12,35,1,2,27,100,0,3,1,2,10,412,56,0.230,0.287,0.374,0.661,0.144,0.041,0.000,0.029,0.141,0.085,0.412,0.109,0.391,3.704,0.243,0.333,0.009,0.002,0.005,0.024,2.414223962
Gorkys Hernandez,2018,142,414,52,97,16,2,15,40,8,5,27,113,1,4,2,4,14,465,64,0.234,0.285,0.391,0.676,0.157,0.034,0.004,0.032,0.155,0.086,0.412,0.112,0.406,4.185,0.243,0.615,0.063,0.004,0.009,0.030,2.43005104
Carlos Gomez,2018,118,360,42,75,15,2,9,32,12,3,25,103,0,21,2,0,6,414,49,0.208,0.298,0.336,0.634,0.128,0.036,0.005,0.022,0.120,0.077,0.427,0.101,0.347,4.120,0.249,0.800,0.099,0.005,0.000,0.014,2.43966956
Hernan Perez,2018,132,316,36,80,11,2,9,29,11,3,17,71,1,0,0,1,6,340,58,0.253,0.290,0.386,0.676,0.133,0.032,0.006,0.026,0.113,0.085,0.363,0.106,0.371,4.176,0.209,0.786,0.113,0.000,0.003,0.018,2.521850518
Cluster  3,,,,,,,,,,,,,,,,,,,,,,,,,,,,,,,,,,,,,,,,,
Dave Henderson,1989,152,579,77,145,24,3,15,80,8,5,54,131,1,3,1,6,13,656,103,0.250,0.315,0.380,0.695,0.130,0.037,0.005,0.023,0.103,0.122,0.552,0.117,0.381,2.426,0.200,0.615,0.040,0.002,0.009,0.020,1.21493554
Orlando Cepeda,1968,157,600,71,149,26,2,16,73,8,6,43,96,13,9,0,4,13,669,105,0.248,0.306,0.378,0.685,0.130,0.039,0.003,0.024,0.107,0.109,0.490,0.106,0.353,2.233,0.143,0.571,0.040,0.000,0.006,0.019,1.21951445
Eric Hinske,2004,155,570,66,140,23,3,15,69,12,8,54,109,2,4,0,6,14,648,99,0.246,0.312,0.375,0.688,0.130,0.035,0.005,0.023,0.107,0.106,0.493,0.102,0.333,2.019,0.168,0.600,0.061,0.000,0.009,0.022,1.245273472
Kevin Reimer,1993,125,437,53,109,22,1,13,60,5,4,30,72,4,5,1,4,12,489,73,0.249,0.303,0.394,0.696,0.144,0.045,0.002,0.027,0.119,0.123,0.550,0.108,0.368,2.400,0.147,0.556,0.035,0.002,0.008,0.025,1.293139191
Brian Dozier,2013,147,558,72,136,33,4,18,66,14,7,51,120,0,6,3,4,14,636,81,0.244,0.312,0.414,0.726,0.170,0.052,0.006,0.028,0.132,0.104,0.485,0.113,0.373,2.353,0.189,0.667,0.073,0.005,0.006,0.022,1.305701299
Marcus Semien,2018,159,632,89,161,35,2,15,70,14,6,61,131,1,1,2,7,12,715,109,0.255,0.318,0.388,0.706,0.133,0.049,0.003,0.021,0.093,0.098,0.435,0.124,0.399,2.148,0.183,0.700,0.063,0.003,0.010,0.017,1.603921161
Brandon Crawford,2018,151,531,63,135,28,2,14,54,4,5,50,122,13,8,0,5,12,606,91,0.254,0.325,0.394,0.719,0.139,0.046,0.003,0.023,0.104,0.089,0.400,0.104,0.326,2.440,0.201,0.444,0.021,0.000,0.008,0.020,1.809808926
Eric Hosmer,2018,157,613,72,155,31,2,18,69,7,4,62,142,10,1,0,1,18,695,104,0.253,0.322,0.398,0.720,0.145,0.045,0.003,0.026,0.116,0.099,0.445,0.104,0.330,2.290,0.204,0.636,0.032,0.000,0.001,0.026,1.955193256
Marwin Gonzalez,2018,145,489,61,121,25,3,16,68,2,3,53,126,3,3,5,2,14,566,77,0.247,0.324,0.409,0.733,0.162,0.044,0.005,0.028,0.132,0.120,0.562,0.108,0.345,2.377,0.223,0.400,0.011,0.009,0.004,0.025,2.027761146
Jason Kipnis,2018,147,530,65,122,28,1,18,75,7,1,60,112,1,7,1,3,5,606,75,0.230,0.315,0.389,0.704,0.158,0.046,0.002,0.030,0.148,0.124,0.615,0.107,0.344,1.867,0.185,0.875,0.037,0.002,0.005,0.008,2.03219891
Cluster  4,,,,,,,,,,,,,,,,,,,,,,,,,,,,,,,,,,,,,,,,,
Jim Edmonds,2007,117,365,39,92,15,2,12,53,0,2,41,75,2,0,2,3,9,420,63,0.252,0.325,0.403,0.728,0.151,0.036,0.005,0.029,0.130,0.126,0.576,0.093,0.293,1.829,0.179,0.000,0.000,0.005,0.007,0.021,0.980995803
Orestes Destrade,1993,153,569,61,145,20,3,20,87,0,2,58,130,8,3,1,6,17,654,102,0.255,0.324,0.406,0.730,0.151,0.031,0.005,0.031,0.138,0.133,0.600,0.093,0.296,2.241,0.199,0.000,0.000,0.002,0.009,0.026,1.274023027
Ryan Ludwick,2010,136,490,63,123,27,2,17,69,0,4,48,121,0,8,0,5,13,564,77,0.251,0.325,0.418,0.743,0.167,0.048,0.004,0.030,0.138,0.122,0.561,0.112,0.352,2.521,0.215,0.000,0.000,0.000,0.009,0.023,1.423676141
Rico Petrocelli,1973,100,356,44,87,13,1,13,45,0,0,47,64,3,1,1,2,10,417,60,0.244,0.333,0.396,0.729,0.152,0.031,0.002,0.031,0.149,0.108,0.517,0.106,0.326,1.362,0.153,0.000,0.000,0.002,0.005,0.024,1.449945954
Mickey Tettleton,1988,86,283,31,74,11,1,11,37,0,1,28,70,2,2,1,2,9,325,51,0.261,0.330,0.424,0.754,0.163,0.034,0.003,0.034,0.149,0.114,0.500,0.095,0.298,2.500,0.215,0.000,0.000,0.003,0.006,0.028,1.465753835
Matt Wieters,2018,76,235,24,56,8,0,8,30,0,1,30,45,3,3,1,2,5,276,40,0.238,0.330,0.374,0.704,0.136,0.029,0.000,0.029,0.143,0.109,0.536,0.087,0.270,1.500,0.163,0.000,0.000,0.004,0.007,0.018,1.908514164
Yonder Alonso,2018,145,516,64,129,19,0,23,83,0,0,51,123,1,2,0,5,10,584,87,0.250,0.317,0.421,0.738,0.171,0.033,0.000,0.039,0.178,0.142,0.643,0.110,0.352,2.412,0.211,0.000,0.000,0.000,0.009,0.017,1.979082409
Kendrys Morales,2018,130,413,47,103,15,0,21,57,2,3,50,95,5,3,0,5,15,486,67,0.249,0.331,0.438,0.769,0.189,0.031,0.000,0.043,0.204,0.117,0.553,0.097,0.301,1.900,0.195,0.400,0.013,0.000,0.010,0.031,2.2432761
Chris Iannetta,2018,110,299,36,67,13,1,11,36,0,0,50,87,5,7,1,3,13,373,42,0.224,0.345,0.385,0.730,0.161,0.035,0.003,0.029,0.164,0.097,0.537,0.097,0.290,1.740,0.233,0.000,0.000,0.003,0.008,0.035,2.283392003
Devin Mesoraco,2018,84,244,24,54,10,0,11,33,0,0,25,52,3,4,0,1,9,283,33,0.221,0.303,0.398,0.700,0.176,0.035,0.000,0.039,0.204,0.117,0.611,0.085,0.289,2.080,0.184,0.000,0.000,0.000,0.004,0.032,2.364104025
Cluster  5,,,,,,,,,,,,,,,,,,,,,,,,,,,,,,,,,,,,,,,,,
Ollie Brown,1972,109,303,29,75,11,0,4,32,1,3,28,47,6,1,1,3,11,347,60,0.248,0.310,0.323,0.634,0.076,0.032,0.000,0.012,0.053,0.092,0.427,0.084,0.279,1.679,0.135,0.250,0.010,0.003,0.009,0.032,1.337873888
Erick Aybar,2016,126,415,34,101,19,2,3,34,3,5,31,70,6,6,3,4,15,474,77,0.243,0.303,0.320,0.623,0.077,0.040,0.004,0.006,0.030,0.072,0.337,0.072,0.246,2.258,0.148,0.375,0.022,0.006,0.008,0.032,1.370237955
Joe Christopher,1965,148,437,38,109,18,3,5,40,4,4,35,82,3,6,4,4,10,496,83,0.249,0.311,0.339,0.650,0.089,0.036,0.006,0.010,0.046,0.081,0.367,0.077,0.253,2.343,0.165,0.500,0.027,0.008,0.008,0.020,1.396914331
Don Money,1969,127,450,41,103,22,2,6,42,1,3,43,83,5,1,6,3,16,519,73,0.229,0.296,0.327,0.622,0.098,0.042,0.004,0.012,0.058,0.081,0.408,0.079,0.279,1.930,0.160,0.250,0.007,0.012,0.006,0.031,1.402001569
Ken Boyer,1967,113,346,34,86,12,3,7,34,2,3,33,47,3,0,2,3,10,394,64,0.249,0.312,0.361,0.673,0.113,0.030,0.008,0.018,0.081,0.086,0.395,0.086,0.286,1.424,0.119,0.400,0.017,0.005,0.008,0.025,1.426928625
Tucker Barnhart,2018,138,460,50,114,21,3,10,46,0,4,54,96,2,2,3,3,13,535,80,0.248,0.328,0.372,0.699,0.124,0.039,0.006,0.019,0.088,0.086,0.404,0.093,0.294,1.778,0.179,0.000,0.000,0.006,0.006,0.024,2.258804747
Jonathan Lucroy,2018,126,415,41,100,21,1,4,51,0,0,29,65,1,3,1,6,12,466,74,0.241,0.291,0.325,0.617,0.084,0.045,0.002,0.009,0.040,0.109,0.510,0.088,0.311,2.241,0.139,0.000,0.000,0.002,0.013,0.026,2.383556563
Joe Panik,2018,102,358,38,91,14,1,4,24,4,2,26,30,3,3,1,4,10,402,72,0.254,0.307,0.332,0.639,0.078,0.035,0.002,0.010,0.044,0.060,0.264,0.095,0.317,1.154,0.075,0.667,0.033,0.002,0.010,0.025,2.446007596
Cameron Maybin,2018,129,342,32,85,14,2,4,28,10,5,38,75,1,2,0,2,7,391,65,0.249,0.326,0.336,0.662,0.088,0.036,0.005,0.010,0.047,0.072,0.329,0.082,0.256,1.974,0.192,0.667,0.080,0.000,0.005,0.018,2.598135654
Greg Garcia,2018,114,181,15,40,6,0,3,15,3,1,20,37,1,4,1,2,3,211,31,0.221,0.309,0.304,0.613,0.083,0.028,0.000,0.014,0.075,0.071,0.375,0.071,0.234,1.850,0.175,0.750,0.047,0.005,0.009,0.014,2.647950942
Cluster  6,,,,,,,,,,,,,,,,,,,,,,,,,,,,,,,,,,,,,,,,,
Lenny Randle,1975,156,601,85,166,24,7,4,57,16,19,57,80,3,4,10,4,8,684,131,0.276,0.341,0.359,0.700,0.083,0.035,0.010,0.006,0.024,0.083,0.343,0.124,0.374,1.404,0.117,0.457,0.070,0.015,0.006,0.012,1.209598292
Al Woods,1977,122,440,58,125,17,4,6,35,8,7,36,38,3,0,6,3,11,496,98,0.284,0.336,0.382,0.718,0.098,0.034,0.008,0.012,0.048,0.071,0.280,0.117,0.360,1.056,0.077,0.533,0.050,0.012,0.006,0.022,1.231822615
Robin Yount,1979,149,577,72,154,26,5,8,51,11,8,35,52,3,1,10,3,15,641,115,0.267,0.308,0.371,0.679,0.104,0.041,0.008,0.012,0.052,0.080,0.331,0.112,0.379,1.486,0.081,0.579,0.058,0.016,0.005,0.023,1.309014348
Denard Span,2016,143,572,70,152,23,5,11,53,12,7,53,79,2,4,6,2,8,645,113,0.266,0.331,0.381,0.712,0.115,0.036,0.008,0.017,0.072,0.082,0.349,0.109,0.335,1.491,0.122,0.632,0.057,0.009,0.003,0.012,1.317162896
Buddy Bell,1975,153,553,66,150,20,4,10,59,6,5,51,72,6,1,10,4,11,630,116,0.271,0.332,0.376,0.708,0.105,0.032,0.006,0.016,0.067,0.094,0.393,0.105,0.327,1.412,0.114,0.545,0.030,0.016,0.006,0.017,1.3659567
Jon Jay,2018,143,527,74,141,19,7,3,40,4,3,33,95,0,18,5,3,11,597,112,0.268,0.330,0.347,0.678,0.080,0.032,0.012,0.005,0.021,0.067,0.284,0.124,0.385,2.879,0.159,0.571,0.021,0.008,0.005,0.018,2.082671351
Jose Peraza,2018,157,632,85,182,31,4,14,58,23,6,29,75,4,9,8,5,12,695,133,0.288,0.326,0.416,0.742,0.128,0.045,0.006,0.020,0.077,0.083,0.319,0.122,0.386,2.586,0.108,0.793,0.105,0.012,0.007,0.017,2.097110215
Ender Inciarte,2018,156,597,83,158,27,6,10,61,28,14,49,86,1,6,4,4,6,666,115,0.265,0.325,0.380,0.705,0.116,0.041,0.009,0.015,0.063,0.092,0.386,0.125,0.390,1.755,0.129,0.667,0.131,0.006,0.006,0.009,2.119870678
David Fletcher,2018,80,284,35,78,18,2,1,25,3,0,15,34,0,3,3,2,7,314,57,0.275,0.316,0.363,0.678,0.088,0.057,0.006,0.003,0.013,0.080,0.321,0.111,0.365,2.267,0.108,1.000,0.031,0.010,0.006,0.022,2.389762028
Elvis Andrus,2018,97,395,53,101,20,3,6,33,5,3,28,66,0,3,0,2,8,436,72,0.256,0.308,0.367,0.675,0.111,0.046,0.007,0.014,0.059,0.076,0.327,0.122,0.402,2.357,0.151,0.625,0.038,0.000,0.005,0.018,2.39477249
Cluster  7,,,,,,,,,,,,,,,,,,,,,,,,,,,,,,,,,,,,,,,,,
Nick Esasky,1985,125,413,61,108,21,0,21,66,3,4,41,102,3,4,3,3,9,473,66,0.262,0.332,0.465,0.797,0.203,0.044,0.000,0.044,0.194,0.140,0.611,0.129,0.399,2.488,0.216,0.429,0.020,0.006,0.006,0.019,1.37855435
Jay Bruce,2011,157,585,84,150,27,2,32,97,8,7,71,158,14,5,1,2,8,672,89,0.256,0.341,0.474,0.814,0.217,0.040,0.003,0.048,0.213,0.144,0.647,0.125,0.372,2.225,0.235,0.533,0.035,0.001,0.003,0.012,1.394888469
Rick Ankiel,2008,120,413,65,109,21,2,25,71,2,1,42,100,3,5,0,3,8,471,61,0.264,0.337,0.506,0.843,0.242,0.045,0.004,0.053,0.229,0.151,0.651,0.138,0.417,2.381,0.212,0.667,0.013,0.000,0.006,0.017,1.408810967
Larry Parrish,1987,152,557,79,149,22,1,32,100,3,1,49,154,7,3,0,4,10,623,94,0.268,0.328,0.483,0.811,0.215,0.035,0.002,0.051,0.215,0.161,0.671,0.127,0.393,3.143,0.247,0.750,0.015,0.000,0.006,0.016,1.447544818
Steve Balboni,1985,160,600,74,146,28,2,36,88,1,1,52,166,4,5,0,5,14,676,80,0.243,0.307,0.477,0.783,0.233,0.041,0.003,0.053,0.247,0.130,0.603,0.109,0.365,3.192,0.246,0.500,0.005,0.000,0.007,0.021,1.470854745
Yasmani Grandal,2018,140,440,65,106,23,2,24,68,2,1,72,124,1,3,0,3,12,530,57,0.241,0.349,0.466,0.815,0.225,0.043,0.004,0.045,0.226,0.128,0.642,0.123,0.359,1.722,0.234,0.667,0.011,0.000,0.006,0.023,1.535767308
Michael Conforto,2018,153,543,78,132,25,1,28,82,3,4,84,159,8,7,0,4,10,648,78,0.243,0.350,0.448,0.797,0.204,0.039,0.002,0.043,0.212,0.127,0.621,0.120,0.350,1.893,0.245,0.429,0.013,0.000,0.006,0.015,1.619496265
Matt Olson,2018,162,580,85,143,33,0,29,84,2,1,70,163,3,8,0,2,13,673,81,0.247,0.335,0.453,0.788,0.207,0.049,0.000,0.043,0.203,0.125,0.587,0.126,0.385,2.329,0.242,0.667,0.009,0.000,0.003,0.019,1.826508691
Ryan Braun,2018,125,405,59,103,25,1,20,64,11,5,34,85,5,2,0,3,8,452,57,0.254,0.313,0.469,0.782,0.215,0.055,0.002,0.044,0.194,0.142,0.621,0.131,0.424,2.500,0.188,0.688,0.079,0.000,0.007,0.018,1.867913645
C. J. Cron,2018,140,501,68,127,28,1,30,74,1,2,37,145,2,17,0,5,11,571,68,0.253,0.323,0.493,0.816,0.240,0.049,0.002,0.053,0.236,0.130,0.583,0.119,0.376,3.919,0.254,0.333,0.006,0.000,0.009,0.019,1.878216517
Cluster  8,,,,,,,,,,,,,,,,,,,,,,,,,,,,,,,,,,,,,,,,,
Nolan Arenado,2018,156,590,104,175,38,2,38,110,2,2,73,122,10,3,1,6,16,689,97,0.297,0.374,0.561,0.935,0.264,0.055,0.003,0.055,0.217,0.160,0.629,0.151,0.414,1.671,0.177,0.500,0.008,0.001,0.009,0.023,1.316546609
Moises Alou,1998,159,584,104,182,34,5,38,124,11,3,84,87,11,5,0,6,14,693,105,0.312,0.399,0.582,0.981,0.271,0.049,0.007,0.055,0.209,0.179,0.681,0.150,0.384,1.036,0.126,0.786,0.041,0.000,0.009,0.020,1.327320637
Fernando Tatis,1999,149,537,104,160,31,2,34,107,21,9,82,128,4,16,0,4,11,650,93,0.298,0.404,0.553,0.957,0.255,0.048,0.003,0.052,0.213,0.165,0.669,0.160,0.403,1.561,0.197,0.700,0.081,0.000,0.006,0.017,1.424933571
Matt Stairs,1997,133,352,62,105,19,0,27,73,3,2,50,60,1,3,1,4,6,416,59,0.298,0.386,0.582,0.969,0.284,0.046,0.000,0.065,0.257,0.175,0.695,0.149,0.392,1.200,0.144,0.600,0.019,0.002,0.010,0.014,1.434247893
Manny Ramirez,1995,137,484,85,149,26,1,31,107,6,6,75,112,6,5,2,5,13,584,91,0.308,0.402,0.558,0.960,0.250,0.045,0.002,0.053,0.208,0.183,0.718,0.146,0.371,1.493,0.192,0.500,0.026,0.003,0.009,0.022,1.453737857
Nolan Arenado,2018,156,590,104,175,38,2,38,110,2,2,73,122,10,3,1,6,16,689,97,0.297,0.374,0.561,0.935,0.264,0.055,0.003,0.055,0.217,0.160,0.629,0.151,0.414,1.671,0.177,0.500,0.008,0.001,0.009,0.023,1.316546609
J. D. Martinez,2018,150,569,111,188,37,2,43,130,6,1,69,146,11,4,0,7,19,668,106,0.330,0.402,0.629,1.031,0.299,0.055,0.003,0.064,0.229,0.195,0.691,0.166,0.425,2.116,0.219,0.857,0.023,0.000,0.010,0.028,2.545371628
Christian Yelich,2018,147,574,118,187,34,7,36,110,22,4,68,135,2,7,0,2,14,665,110,0.326,0.402,0.598,1.000,0.272,0.051,0.011,0.054,0.193,0.165,0.588,0.177,0.450,1.985,0.203,0.846,0.084,0.000,0.003,0.021,2.809185586
Juan Soto,2018,116,414,77,121,25,1,22,70,5,2,79,99,10,0,1,0,9,503,73,0.292,0.406,0.517,0.923,0.225,0.050,0.002,0.044,0.182,0.139,0.579,0.153,0.385,1.253,0.197,0.714,0.025,0.002,0.000,0.018,2.94771129
Jose Ramirez,2018,157,578,110,156,38,4,39,105,34,6,106,80,15,8,0,6,2,700,75,0.270,0.387,0.552,0.939,0.282,0.054,0.006,0.056,0.250,0.150,0.673,0.157,0.407,0.755,0.114,0.850,0.126,0.000,0.009,0.003,3.048965421
Cluster  9,,,,,,,,,,,,,,,,,,,,,,,,,,,,,,,,,,,,,,,,,
Mitch Webster,1987,156,588,101,165,30,8,15,63,33,10,70,95,5,6,8,4,6,682,112,0.281,0.361,0.435,0.796,0.155,0.044,0.012,0.022,0.091,0.092,0.382,0.148,0.419,1.357,0.139,0.767,0.137,0.012,0.006,0.009,1.267686333
Rafael Furcal,2006,159,654,113,196,32,9,15,63,37,13,73,98,3,1,5,3,7,743,140,0.300,0.369,0.445,0.814,0.145,0.043,0.012,0.020,0.077,0.085,0.321,0.152,0.419,1.342,0.132,0.740,0.137,0.007,0.004,0.009,1.461670001
Bump Wills,1977,152,541,87,155,28,6,9,62,28,12,65,96,7,0,7,4,10,627,112,0.287,0.361,0.410,0.771,0.124,0.045,0.010,0.014,0.058,0.099,0.400,0.139,0.395,1.477,0.153,0.700,0.127,0.011,0.006,0.016,1.464349117
Paul Molitor,1986,105,437,62,123,24,6,9,55,20,5,40,81,0,0,2,3,9,491,84,0.281,0.340,0.426,0.765,0.144,0.049,0.012,0.018,0.073,0.112,0.447,0.126,0.380,2.025,0.165,0.800,0.123,0.004,0.006,0.018,1.470175552
Chris Denorfia,2012,130,348,56,102,19,6,8,36,13,5,27,52,0,2,2,3,9,391,69,0.293,0.345,0.451,0.796,0.158,0.049,0.015,0.020,0.078,0.092,0.353,0.143,0.427,1.926,0.133,0.722,0.099,0.005,0.008,0.023,1.485003394
Andrew Benintendi,2018,148,579,103,168,41,6,16,87,21,3,71,106,1,2,2,7,9,670,105,0.290,0.366,0.465,0.830,0.174,0.061,0.009,0.024,0.095,0.130,0.518,0.154,0.427,1.493,0.158,0.875,0.087,0.003,0.010,0.013,2.200521002
Starling Marte,2018,145,559,81,155,32,5,20,72,33,14,35,109,2,8,1,3,11,617,98,0.277,0.327,0.460,0.787,0.182,0.052,0.008,0.032,0.129,0.117,0.465,0.131,0.409,3.114,0.177,0.702,0.167,0.002,0.005,0.018,2.441140099
Trea Turner,2018,162,664,103,180,27,6,19,73,43,9,69,132,3,5,2,0,7,747,128,0.271,0.344,0.416,0.760,0.145,0.036,0.008,0.025,0.106,0.098,0.406,0.138,0.406,1.913,0.177,0.827,0.169,0.003,0.000,0.009,2.504152443
Charlie Blackmon,2018,156,626,119,182,31,7,29,70,12,4,59,134,2,8,1,2,10,706,115,0.291,0.358,0.502,0.860,0.211,0.044,0.010,0.041,0.159,0.099,0.385,0.169,0.478,2.271,0.190,0.750,0.048,0.001,0.003,0.014,2.96722131
Whit Merrifield,2018,158,632,88,192,43,3,12,60,45,10,61,114,2,6,2,6,12,719,134,0.304,0.367,0.438,0.806,0.134,0.060,0.004,0.017,0.063,0.083,0.313,0.122,0.340,1.869,0.159,0.818,0.174,0.003,0.008,0.017,2.97205301
Cluster  10,,,,,,,,,,,,,,,,,,,,,,,,,,,,,,,,,,,,,,,,,
Eddie Murray,1978,161,610,85,174,32,3,27,95,6,5,70,97,7,1,1,8,15,705,112,0.285,0.356,0.480,0.836,0.195,0.045,0.004,0.038,0.155,0.135,0.546,0.121,0.347,1.386,0.138,0.545,0.024,0.001,0.011,0.021,1.027083431
Josh Donaldson,2013,158,579,89,174,37,3,24,93,5,2,76,110,2,6,1,6,15,683,110,0.301,0.384,0.499,0.883,0.199,0.054,0.004,0.035,0.138,0.136,0.534,0.130,0.348,1.447,0.161,0.714,0.020,0.001,0.009,0.022,1.047978264
Adrian Beltre,2000,138,510,71,148,30,2,20,85,12,5,56,80,2,2,3,4,13,588,96,0.290,0.360,0.475,0.835,0.184,0.051,0.003,0.034,0.135,0.145,0.574,0.121,0.345,1.429,0.136,0.706,0.058,0.005,0.007,0.022,1.147230298
Carlos Beltran,2013,145,554,79,164,30,3,24,84,2,1,38,90,1,1,1,6,12,612,107,0.296,0.339,0.491,0.830,0.195,0.049,0.005,0.039,0.146,0.137,0.512,0.129,0.389,2.368,0.147,0.667,0.010,0.002,0.010,0.020,1.152693372
Justin Turner,2015,126,385,55,113,26,1,16,60,5,2,36,71,1,13,1,4,10,449,70,0.294,0.370,0.491,0.861,0.197,0.058,0.002,0.036,0.142,0.134,0.531,0.122,0.340,1.972,0.158,0.714,0.031,0.002,0.009,0.022,1.188666384
Scooter Gennett,2018,154,584,86,181,30,3,23,92,4,2,42,125,3,4,3,5,14,652,125,0.310,0.357,0.490,0.847,0.180,0.046,0.005,0.035,0.127,0.141,0.508,0.132,0.379,2.976,0.192,0.667,0.018,0.005,0.008,0.021,1.707360311
J. T. Realmuto,2018,125,477,74,132,30,3,21,74,3,2,38,104,0,10,0,4,9,538,78,0.277,0.340,0.484,0.825,0.208,0.056,0.006,0.039,0.159,0.138,0.561,0.138,0.411,2.737,0.193,0.600,0.017,0.000,0.007,0.017,1.834515578
Freddie Freeman,2018,162,618,94,191,44,4,23,98,10,3,76,132,12,7,0,6,11,718,120,0.309,0.388,0.505,0.892,0.196,0.061,0.006,0.032,0.120,0.136,0.513,0.131,0.343,1.737,0.184,0.769,0.036,0.000,0.008,0.015,1.885985718
Mitch Haniger,2018,157,596,90,170,38,4,26,93,8,2,70,148,4,10,0,7,8,691,102,0.285,0.366,0.493,0.859,0.208,0.055,0.006,0.038,0.153,0.135,0.547,0.130,0.360,2.114,0.214,0.800,0.032,0.000,0.010,0.012,1.956822656
Johan Camargo,2018,134,464,63,126,27,1,19,76,1,1,51,108,4,6,0,3,13,537,79,0.272,0.349,0.457,0.806,0.185,0.050,0.002,0.035,0.151,0.142,0.603,0.117,0.344,2.118,0.201,0.500,0.005,0.000,0.006,0.024,2.001636507
Cluster  11,,,,,,,,,,,,,,,,,,,,,,,,,,,,,,,,,,,,,,,,,
Jarrod Dyson,2017,111,346,56,87,13,3,5,30,28,7,28,55,2,10,4,2,3,393,66,0.251,0.324,0.350,0.674,0.098,0.033,0.008,0.013,0.057,0.076,0.345,0.142,0.448,1.964,0.140,0.800,0.224,0.010,0.005,0.008,1.194203902
Scott Podsednik,2006,139,524,86,137,27,6,3,45,40,19,54,96,1,2,8,4,7,599,101,0.261,0.330,0.353,0.684,0.092,0.045,0.010,0.005,0.022,0.075,0.328,0.144,0.446,1.778,0.160,0.678,0.207,0.013,0.007,0.012,1.428900215
Ryne Sandberg,1983,158,633,94,165,25,4,8,48,37,11,51,79,3,3,7,5,8,707,128,0.261,0.316,0.351,0.667,0.090,0.035,0.006,0.011,0.048,0.068,0.291,0.133,0.429,1.549,0.112,0.771,0.169,0.010,0.007,0.011,1.442974348
Julio Cruz,1982,154,549,83,133,22,5,8,49,46,13,57,71,1,3,6,2,6,623,98,0.242,0.316,0.344,0.660,0.102,0.035,0.008,0.013,0.060,0.079,0.368,0.133,0.430,1.246,0.114,0.780,0.238,0.010,0.003,0.010,1.469352557
Tony Womack,2001,125,481,66,128,19,5,3,30,28,7,23,54,2,6,7,1,4,522,101,0.266,0.307,0.345,0.652,0.079,0.036,0.010,0.006,0.023,0.057,0.234,0.126,0.420,2.348,0.103,0.800,0.178,0.013,0.002,0.008,1.480454935
Greg Allen,2018,91,265,36,68,11,3,2,20,21,4,14,58,1,7,4,1,5,296,52,0.257,0.310,0.343,0.654,0.087,0.037,0.010,0.007,0.029,0.068,0.294,0.122,0.404,4.143,0.196,0.840,0.236,0.014,0.003,0.017,2.126675491
Travis Jankowski,2018,117,347,45,90,12,3,4,17,24,7,37,73,0,1,2,0,7,394,71,0.259,0.332,0.346,0.678,0.086,0.030,0.008,0.010,0.044,0.043,0.189,0.114,0.352,1.973,0.185,0.774,0.188,0.005,0.000,0.018,2.446558641
Amed Rosario,2018,154,554,76,142,26,8,9,51,24,11,29,119,4,3,3,3,9,601,99,0.256,0.295,0.381,0.676,0.125,0.043,0.013,0.015,0.063,0.085,0.359,0.126,0.437,4.103,0.198,0.686,0.138,0.005,0.005,0.015,3.00868916
Billy Hamilton,2018,153,504,74,119,16,9,4,29,34,10,46,132,0,1,1,4,1,557,90,0.236,0.299,0.327,0.626,0.091,0.029,0.016,0.007,0.034,0.052,0.244,0.133,0.446,2.870,0.237,0.773,0.205,0.002,0.007,0.002,3.208352276
Mallex Smith,2018,141,480,65,142,27,10,2,40,40,12,47,98,0,8,7,2,11,555,103,0.296,0.367,0.406,0.773,0.110,0.049,0.018,0.004,0.014,0.072,0.282,0.117,0.330,2.085,0.177,0.769,0.203,0.013,0.004,0.020,3.458767051
Cluster  12,,,,,,,,,,,,,,,,,,,,,,,,,,,,,,,,,,,,,,,,,
Jim Busby,1957,116,362,40,86,12,2,5,23,6,4,24,44,0,0,9,2,6,403,67,0.238,0.284,0.323,0.607,0.086,0.030,0.005,0.012,0.058,0.057,0.267,0.099,0.364,1.833,0.109,0.600,0.055,0.022,0.005,0.015,1.410261489
Andy Allanson,1989,111,323,30,75,9,1,3,17,4,4,23,47,2,4,6,3,7,366,62,0.232,0.289,0.294,0.583,0.062,0.025,0.003,0.008,0.040,0.046,0.227,0.082,0.294,2.043,0.128,0.500,0.039,0.016,0.008,0.019,1.437310032
Jack Brohamer,1972,136,527,49,123,13,2,5,35,3,2,27,46,0,1,9,3,8,575,103,0.233,0.271,0.294,0.565,0.061,0.023,0.003,0.009,0.041,0.061,0.285,0.085,0.325,1.704,0.080,0.600,0.020,0.016,0.005,0.014,1.457114721
Brent Abernathy,2002,117,463,46,112,18,4,2,40,10,4,25,46,0,6,8,2,8,512,88,0.242,0.288,0.311,0.599,0.069,0.035,0.008,0.004,0.018,0.078,0.357,0.090,0.322,1.840,0.090,0.714,0.070,0.016,0.004,0.016,1.460117296
Kevin Stocker,1995,125,412,42,90,14,3,1,32,6,1,43,75,9,9,10,3,7,484,72,0.218,0.304,0.274,0.578,0.056,0.029,0.006,0.002,0.011,0.066,0.356,0.087,0.296,1.744,0.155,0.857,0.042,0.021,0.006,0.014,1.496251529
Alcides Escobar,2018,140,485,54,112,22,3,4,34,8,2,29,74,1,5,8,4,14,545,83,0.231,0.279,0.313,0.593,0.082,0.040,0.006,0.007,0.036,0.062,0.304,0.099,0.370,2.552,0.136,0.800,0.055,0.015,0.007,0.026,1.903248464
Guillermo Heredia,2018,125,292,29,69,14,1,5,19,2,4,32,52,0,4,7,2,4,341,49,0.236,0.318,0.342,0.661,0.106,0.041,0.003,0.015,0.072,0.056,0.275,0.085,0.276,1.625,0.152,0.333,0.019,0.021,0.006,0.012,2.612598665
Christian Vazquez,2018,80,251,24,52,10,0,3,16,4,1,13,41,1,4,1,0,5,274,39,0.207,0.257,0.283,0.540,0.076,0.036,0.000,0.011,0.058,0.058,0.308,0.088,0.348,3.154,0.150,0.800,0.058,0.004,0.000,0.018,3.101613786
Jesus Sucre,2018,73,182,9,38,5,0,1,17,1,0,9,29,2,1,4,2,4,202,32,0.209,0.247,0.253,0.500,0.044,0.025,0.000,0.005,0.026,0.084,0.447,0.045,0.188,3.222,0.144,1.000,0.021,0.020,0.010,0.020,3.995037082
Pedro Severino,2018,70,190,14,32,9,0,2,15,1,0,18,47,4,4,0,1,3,216,21,0.168,0.254,0.247,0.501,0.079,0.042,0.000,0.009,0.063,0.069,0.469,0.065,0.259,2.611,0.218,1.000,0.019,0.000,0.005,0.014,4.655651538
